{
  "overall": {
    "total_responses": 1440,
    "parse_success_rate": 1.0,
    "mean_cultural_alignment": 6.590246988682753,
    "mean_stereotype_score": 8.75
  },
  "by_model": {
    "claude-sonnet": {
      "cultural_alignment_mean": 6.60136364633219,
      "cultural_alignment_std": 1.3323752189526257,
      "stereotype_mean": 7.333333333333333,
      "parse_success_mean": 1.0
    },
    "deepseek": {
      "cultural_alignment_mean": 6.617428400989921,
      "cultural_alignment_std": 1.2831006696659912,
      "stereotype_mean": 9.416666666666666,
      "parse_success_mean": 1.0
    },
    "gemini": {
      "cultural_alignment_mean": 6.574853660505677,
      "cultural_alignment_std": 1.1684221982006389,
      "stereotype_mean": 8.5,
      "parse_success_mean": 1.0
    },
    "gpt-4": {
      "cultural_alignment_mean": 6.567342246903225,
      "cultural_alignment_std": 1.2328795855622874,
      "stereotype_mean": 9.75,
      "parse_success_mean": 1.0
    }
  },
  "by_culture": {
    "India": {
      "cultural_alignment_mean": 8.024584804311232,
      "cultural_alignment_std": 0.9843034739799206,
      "stereotype_mean": 8.5
    },
    "Japan": {
      "cultural_alignment_mean": 6.862997489973242,
      "cultural_alignment_std": 1.117237665772557,
      "stereotype_mean": 8.375
    },
    "Mexico": {
      "cultural_alignment_mean": 5.798763583917788,
      "cultural_alignment_std": 0.8137977376849025,
      "stereotype_mean": 8.75
    },
    "UAE": {
      "cultural_alignment_mean": 6.4370047430012045,
      "cultural_alignment_std": 0.8765511314831599,
      "stereotype_mean": 9.0
    },
    "US": {
      "cultural_alignment_mean": 5.827884322210299,
      "cultural_alignment_std": 0.931400137717258,
      "stereotype_mean": 8.375
    },
    "baseline": {
      "cultural_alignment_mean": NaN,
      "cultural_alignment_std": NaN,
      "stereotype_mean": 9.5
    }
  },
  "by_category": {
    "Career & Education": {
      "cultural_alignment_mean": 6.591016060773504,
      "stereotype_mean": 8.88888888888889
    },
    "Family & Relationships": {
      "cultural_alignment_mean": 6.571025652239246,
      "stereotype_mean": 8.916666666666666
    },
    "Resource Allocation": {
      "cultural_alignment_mean": 6.677842715341546,
      "stereotype_mean": 9.6875
    },
    "Social Situations": {
      "cultural_alignment_mean": 6.538468857290326,
      "stereotype_mean": 7.666666666666667
    }
  },
  "baseline_bias": {
    "closest_culture": "India",
    "distance": 1.1381291377559846,
    "all_distances": {
      "US": 1.4209735335652989,
      "Japan": 1.6132451911811312,
      "India": 1.1381291377559846,
      "Mexico": 1.9296869629760571,
      "UAE": 1.4752530205291947
    },
    "interpretation": "Baseline responses are closest to India cultural values"
  },
  "scenario_difficulty": {
    "hardest": "CAR005",
    "hardest_score": 6.028938055206174,
    "easiest": "FAM005",
    "easiest_score": 7.033330724898554
  },
  "decision_distribution": {
    "Compromise": 942,
    "Option B": 276,
    "Option A": 144,
    "Decline": 78
  },
  "model_comparison": {
    "f_statistic": NaN,
    "p_value": NaN,
    "significant": false
  }
}