{
  "overall": {
    "total_responses": 2160,
    "parse_success_rate": 1.0,
    "mean_cultural_alignment": 6.388715462228052,
    "mean_stereotype_score": 7.558335976872668
  },
  "by_model": {
    "claude-sonnet": {
      "cultural_alignment_mean": 6.397317744105978,
      "cultural_alignment_std": 1.2847858829108705,
      "stereotype_mean": 6.977220283255231,
      "parse_success_mean": 1.0
    },
    "deepseek": {
      "cultural_alignment_mean": 6.390748614876986,
      "cultural_alignment_std": 1.2536631897866601,
      "stereotype_mean": 7.953117674636661,
      "parse_success_mean": 1.0
    },
    "gemini": {
      "cultural_alignment_mean": 6.447207262726232,
      "cultural_alignment_std": 1.2606456313714147,
      "stereotype_mean": 6.774575768191111,
      "parse_success_mean": 1.0
    },
    "gpt-4": {
      "cultural_alignment_mean": 6.319588227203012,
      "cultural_alignment_std": 1.312025328894397,
      "stereotype_mean": 8.528430181407664,
      "parse_success_mean": 1.0
    }
  },
  "by_culture": {
    "India": {
      "cultural_alignment_mean": 7.699469403390173,
      "cultural_alignment_std": 1.0687639527645425,
      "stereotype_mean": 6.711393132987466
    },
    "Japan": {
      "cultural_alignment_mean": 6.361020869877358,
      "cultural_alignment_std": 1.434218741492864,
      "stereotype_mean": 7.554035397763234
    },
    "Mexico": {
      "cultural_alignment_mean": 5.188888676644753,
      "cultural_alignment_std": 0.5566778264893592,
      "stereotype_mean": 7.335985582387826
    },
    "UAE": {
      "cultural_alignment_mean": 6.02715385070568,
      "cultural_alignment_std": 0.7106279987360898,
      "stereotype_mean": 8.112169597744343
    },
    "US": {
      "cultural_alignment_mean": 6.667044510522295,
      "cultural_alignment_std": 0.8894013813724347,
      "stereotype_mean": 7.010492668174065
    },
    "baseline": {
      "cultural_alignment_mean": NaN,
      "cultural_alignment_std": NaN,
      "stereotype_mean": 8.62593948217907
    }
  },
  "by_category": {
    "Business & Tradition": {
      "cultural_alignment_mean": 6.150040716014039,
      "stereotype_mean": 8.118393648331887
    },
    "Career & Competition": {
      "cultural_alignment_mean": 6.908468253759669,
      "stereotype_mean": 7.2182523953364575
    },
    "Career & Education": {
      "cultural_alignment_mean": 6.491744589828295,
      "stereotype_mean": 8.494867256938221
    },
    "Career & Finance": {
      "cultural_alignment_mean": 6.033305151254901,
      "stereotype_mean": 8.37797619047619
    },
    "Career & Risk": {
      "cultural_alignment_mean": 6.1192074652858475,
      "stereotype_mean": 8.121152974526385
    },
    "Career & Work Culture": {
      "cultural_alignment_mean": 6.3445588372239445,
      "stereotype_mean": 8.232998045829317
    },
    "Career & Work-Life": {
      "cultural_alignment_mean": 6.3296460661641625,
      "stereotype_mean": 7.384943908215642
    },
    "Education & Development": {
      "cultural_alignment_mean": 6.094292435883804,
      "stereotype_mean": 5.432929077144092
    },
    "Family & Obligations": {
      "cultural_alignment_mean": 6.719322983869446,
      "stereotype_mean": 8.024251058646826
    },
    "Family & Relationships": {
      "cultural_alignment_mean": 6.530701452424943,
      "stereotype_mean": 8.708321633842282
    },
    "Leisure & Lifestyle": {
      "cultural_alignment_mean": 6.334859598047304,
      "stereotype_mean": 5.2117487840527055
    },
    "Lifestyle & Self-Control": {
      "cultural_alignment_mean": 6.20196870153998,
      "stereotype_mean": 6.8444036944115
    },
    "Planning & Projects": {
      "cultural_alignment_mean": 6.195556664277712,
      "stereotype_mean": 5.5583232824604165
    },
    "Projects & Persistence": {
      "cultural_alignment_mean": 6.214452139915819,
      "stereotype_mean": 7.199157641395909
    },
    "Resource Allocation": {
      "cultural_alignment_mean": 6.479465420429182,
      "stereotype_mean": 8.003572166553475
    },
    "Rules & Procedures": {
      "cultural_alignment_mean": 6.179761931149581,
      "stereotype_mean": 6.792714721785289
    },
    "Social & Community": {
      "cultural_alignment_mean": 6.181967194985936,
      "stereotype_mean": 3.8041573082340694
    },
    "Social & Spontaneity": {
      "cultural_alignment_mean": 6.0840532464367865,
      "stereotype_mean": 6.9938153706384565
    },
    "Social Situations": {
      "cultural_alignment_mean": 6.98307937055956,
      "stereotype_mean": 5.411993961133131
    },
    "Work & Change": {
      "cultural_alignment_mean": 6.107612161265241,
      "stereotype_mean": 7.117002296736278
    },
    "Work & Wellbeing": {
      "cultural_alignment_mean": 6.408149897083263,
      "stereotype_mean": 8.882776159816009
    }
  },
  "baseline_bias": {
    "closest_culture": "India",
    "distance": 1.0761310255573722,
    "all_distances": {
      "US": 1.3671384917122404,
      "Japan": 1.5481884863140918,
      "India": 1.0761310255573722,
      "Mexico": 1.9282247188539332,
      "UAE": 1.6195720053852207
    },
    "interpretation": "Baseline responses are closest to India cultural values"
  },
  "scenario_difficulty": {
    "hardest": "LTO001",
    "hardest_score": 6.033305151254901,
    "easiest": "PDI001",
    "easiest_score": 6.997005890996865
  },
  "decision_distribution": {
    "Option A": 1167,
    "Option B": 966,
    "Decline": 27
  },
  "model_comparison": {
    "f_statistic": NaN,
    "p_value": NaN,
    "significant": false
  }
}