{
  "overall": {
    "total_responses": 720,
    "parse_success_rate": 1.0,
    "mean_cultural_alignment": 6.307296209791372,
    "mean_stereotype_score": 7.558335976872668
  },
  "by_model": {
    "claude-sonnet": {
      "cultural_alignment_mean": 6.341534083375707,
      "cultural_alignment_std": 1.3893724211842526,
      "stereotype_mean": 6.977220283255232,
      "parse_success_mean": 1.0
    },
    "deepseek": {
      "cultural_alignment_mean": 6.389206791920184,
      "cultural_alignment_std": 1.317690876771741,
      "stereotype_mean": 7.953117674636662,
      "parse_success_mean": 1.0
    },
    "gemini": {
      "cultural_alignment_mean": 6.1947904453607086,
      "cultural_alignment_std": 1.4575973630667285,
      "stereotype_mean": 6.774575768191112,
      "parse_success_mean": 1.0
    },
    "gpt-4": {
      "cultural_alignment_mean": 6.303653518508887,
      "cultural_alignment_std": 1.3805954196435337,
      "stereotype_mean": 8.528430181407664,
      "parse_success_mean": 1.0
    }
  },
  "by_culture": {
    "India": {
      "cultural_alignment_mean": 7.70517344003838,
      "cultural_alignment_std": 1.0859578701477293,
      "stereotype_mean": 6.711393132987466
    },
    "Japan": {
      "cultural_alignment_mean": 6.398516296125203,
      "cultural_alignment_std": 1.5100280628963492,
      "stereotype_mean": 7.554035397763233
    },
    "Mexico": {
      "cultural_alignment_mean": 5.2196191669506,
      "cultural_alignment_std": 0.7511819788138775,
      "stereotype_mean": 7.335985582387826
    },
    "UAE": {
      "cultural_alignment_mean": 5.727305312698842,
      "cultural_alignment_std": 0.8873433929747075,
      "stereotype_mean": 8.112169597744343
    },
    "US": {
      "cultural_alignment_mean": 6.485866833143834,
      "cultural_alignment_std": 1.1442603308667645,
      "stereotype_mean": 7.010492668174065
    },
    "baseline": {
      "cultural_alignment_mean": NaN,
      "cultural_alignment_std": NaN,
      "stereotype_mean": 8.62593948217907
    }
  },
  "by_category": {
    "Business & Tradition": {
      "cultural_alignment_mean": 6.157299568817247,
      "stereotype_mean": 8.118393648331887
    },
    "Career & Competition": {
      "cultural_alignment_mean": 6.858871634082183,
      "stereotype_mean": 7.218252395336457
    },
    "Career & Education": {
      "cultural_alignment_mean": 6.401378665218708,
      "stereotype_mean": 8.494867256938221
    },
    "Career & Finance": {
      "cultural_alignment_mean": 5.349690396544385,
      "stereotype_mean": 8.377976190476192
    },
    "Career & Risk": {
      "cultural_alignment_mean": 5.880121558662573,
      "stereotype_mean": 8.121152974526384
    },
    "Career & Work Culture": {
      "cultural_alignment_mean": 6.813784473257977,
      "stereotype_mean": 8.232998045829317
    },
    "Career & Work-Life": {
      "cultural_alignment_mean": 6.467495046455492,
      "stereotype_mean": 7.384943908215642
    },
    "Education & Development": {
      "cultural_alignment_mean": 5.553876551685722,
      "stereotype_mean": 5.432929077144093
    },
    "Family & Obligations": {
      "cultural_alignment_mean": 6.701710990093645,
      "stereotype_mean": 8.024251058646826
    },
    "Family & Relationships": {
      "cultural_alignment_mean": 6.45542392161192,
      "stereotype_mean": 8.70832163384228
    },
    "Leisure & Lifestyle": {
      "cultural_alignment_mean": 6.018396007869598,
      "stereotype_mean": 5.211748784052706
    },
    "Lifestyle & Self-Control": {
      "cultural_alignment_mean": 5.997304367019019,
      "stereotype_mean": 6.8444036944115
    },
    "Planning & Projects": {
      "cultural_alignment_mean": 6.280260646774693,
      "stereotype_mean": 5.5583232824604165
    },
    "Projects & Persistence": {
      "cultural_alignment_mean": 5.8785159774904825,
      "stereotype_mean": 7.199157641395909
    },
    "Resource Allocation": {
      "cultural_alignment_mean": 6.131112175384879,
      "stereotype_mean": 8.003572166553475
    },
    "Rules & Procedures": {
      "cultural_alignment_mean": 6.326919720523979,
      "stereotype_mean": 6.792714721785289
    },
    "Social & Community": {
      "cultural_alignment_mean": 6.454694021954883,
      "stereotype_mean": 3.8041573082340694
    },
    "Social & Spontaneity": {
      "cultural_alignment_mean": 6.228915603604625,
      "stereotype_mean": 6.993815370638457
    },
    "Social Situations": {
      "cultural_alignment_mean": 6.969346152522358,
      "stereotype_mean": 5.41199396113313
    },
    "Work & Change": {
      "cultural_alignment_mean": 6.152491659635641,
      "stereotype_mean": 7.117002296736277
    },
    "Work & Wellbeing": {
      "cultural_alignment_mean": 6.582954631823756,
      "stereotype_mean": 8.882776159816007
    }
  },
  "baseline_bias": {
    "closest_culture": "India",
    "distance": 1.0749599288793532,
    "all_distances": {
      "US": 1.3671256201908117,
      "Japan": 1.5478236428511365,
      "India": 1.0749599288793532,
      "Mexico": 1.9300256813625722,
      "UAE": 1.6356997631079564
    },
    "interpretation": "Baseline responses are closest to India cultural values"
  },
  "scenario_difficulty": {
    "hardest": "LTO001",
    "hardest_score": 5.349690396544385,
    "easiest": "PDI001",
    "easiest_score": 6.972238899915415
  },
  "decision_distribution": {
    "Option A": 389,
    "Option B": 322,
    "Decline": 9
  },
  "model_comparison": {
    "f_statistic": NaN,
    "p_value": NaN,
    "significant": false
  }
}