{
  "overall": {
    "total_responses": 1080,
    "parse_success_rate": 1.0,
    "mean_cultural_alignment": 6.807972717082357,
    "mean_stereotype_score": 8.527777777777779
  },
  "by_model": {
    "claude-sonnet": {
      "cultural_alignment_mean": 6.848347152952766,
      "cultural_alignment_std": 1.16760237927388,
      "stereotype_mean": 7.333333333333333,
      "parse_success_mean": 1.0
    },
    "gemini": {
      "cultural_alignment_mean": 6.8544948924190745,
      "cultural_alignment_std": 1.0862981160061196,
      "stereotype_mean": 8.5,
      "parse_success_mean": 1.0
    },
    "gpt-4": {
      "cultural_alignment_mean": 6.721076105875229,
      "cultural_alignment_std": 1.363459387566343,
      "stereotype_mean": 9.75,
      "parse_success_mean": 1.0
    }
  },
  "by_culture": {
    "India": {
      "cultural_alignment_mean": 7.316566246485368,
      "cultural_alignment_std": 1.1981783013566623,
      "stereotype_mean": 8.0
    },
    "Japan": {
      "cultural_alignment_mean": 6.260958293548469,
      "cultural_alignment_std": 0.8061723519748942,
      "stereotype_mean": 7.833333333333333
    },
    "Mexico": {
      "cultural_alignment_mean": 6.365869536073998,
      "cultural_alignment_std": 1.2744283170306987,
      "stereotype_mean": 8.833333333333334
    },
    "UAE": {
      "cultural_alignment_mean": 7.207293780918759,
      "cultural_alignment_std": 1.0064007590049093,
      "stereotype_mean": 9.0
    },
    "US": {
      "cultural_alignment_mean": 6.889175728385193,
      "cultural_alignment_std": 1.3136164274463713,
      "stereotype_mean": 8.0
    },
    "baseline": {
      "cultural_alignment_mean": NaN,
      "cultural_alignment_std": NaN,
      "stereotype_mean": 9.5
    }
  },
  "by_category": {
    "Career & Education": {
      "cultural_alignment_mean": 6.726740248462151,
      "stereotype_mean": 8.61111111111111
    },
    "Family & Relationships": {
      "cultural_alignment_mean": 6.762637178347975,
      "stereotype_mean": 8.88888888888889
    },
    "Resource Allocation": {
      "cultural_alignment_mean": 6.886459694110207,
      "stereotype_mean": 9.583333333333334
    },
    "Social Situations": {
      "cultural_alignment_mean": 6.887997636538708,
      "stereotype_mean": 7.222222222222222
    }
  },
  "baseline_bias": {
    "closest_culture": "US",
    "distance": 1.198962707541012,
    "all_distances": {
      "US": 1.198962707541012,
      "Japan": 1.4865173380409313,
      "India": 1.2150722048351543,
      "Mexico": 1.6038185047867157,
      "UAE": 1.4366281575143107
    },
    "interpretation": "Baseline responses are closest to US cultural values"
  },
  "scenario_difficulty": {
    "hardest": "SOC003",
    "hardest_score": 6.18812167382826,
    "easiest": "SOC004",
    "easiest_score": 7.510730350371237
  },
  "decision_distribution": {
    "Compromise": 696,
    "Option B": 204,
    "Option A": 114,
    "Decline": 66
  },
  "model_comparison": {
    "f_statistic": NaN,
    "p_value": NaN,
    "significant": false
  }
}